Training_Faces/01.jpg,0
Training_Faces/02.jpg,0
Training_Faces/03.jpg,0
Training_Faces/04.jpg,0
Training_Faces/05.jpg,0
Training_Faces/06.jpg,0
Training_Faces/07.jpg,0
Training_Faces/08.jpg,0
Training_Faces/09.jpg,0
Training_Faces/110.jpg,1
Training_Faces/111.jpg,1
Training_Faces/112.jpg,1
Training_Faces/113.jpg,1
Training_Faces/114.jpg,1
Training_Faces/115.jpg,1
Training_Faces/116.jpg,1
Training_Faces/117.jpg,1
Training_Faces/118.jpg,1
Training_Faces/119.jpg,1
Training_Faces/220.jpg,2
Training_Faces/221.jpg,2
Training_Faces/222.jpg,2
Training_Faces/223.jpg,2
Training_Faces/224.jpg,2
Training_Faces/225.jpg,2
Training_Faces/226.jpg,2
Training_Faces/227.jpg,2
Training_Faces/228.jpg,2
Training_Faces/229.jpg,2
Training_Faces/230.jpg,2
